City_ID,City,Lat,Lng,Max Temp,Humidity,Cloudiness,Wind Speed,Country,Date
0,butaritari,3.0707,172.7902,27.18,81,99,8.97,KI,1675998230
1,cabo san lucas,22.8909,-109.9124,20.28,65,0,1.54,MX,1675998230
2,dikson,73.5069,80.5464,-15.92,93,100,13.65,RU,1675998231
3,sinnamary,5.3833,-52.95,24.53,87,80,4.81,GF,1675998231
4,kapaa,22.0752,-159.319,25.18,75,75,8.75,US,1675998232
5,norman wells,65.282,-126.8329,-22.98,77,20,2.57,CA,1675998233
6,hobart,-42.8794,147.3294,22.35,77,40,5.66,AU,1675998051
7,rincon,32.296,-81.2354,19.98,79,75,3.6,US,1675998217
8,san marcos,33.1434,-117.1661,20.9,27,0,4.12,US,1675998235
9,hailey,43.5196,-114.3153,-8.08,67,0,2.68,US,1675998235
10,tacuarembo,-31.7333,-55.9833,26.5,34,90,0.86,UY,1675998128
11,vaini,-21.2,-175.2,28.09,83,75,2.57,TO,1675998236
12,atuona,-9.8,-139.0333,26.12,79,7,9.21,PF,1675998237
13,yellowknife,62.456,-114.3525,-20.25,84,40,2.57,CA,1675997457
14,hilo,19.7297,-155.09,22.19,92,99,0.89,US,1675998097
15,bathsheba,13.2167,-59.5167,25.34,73,20,9.77,BB,1675998238
16,rikitea,-23.1203,-134.9692,26.7,73,1,7.89,PF,1675998239
17,mataura,-46.1927,168.8643,16.93,35,62,2.59,NZ,1675998240
18,bluff,-46.6,168.3333,17.11,62,55,5.67,NZ,1675998240
19,elliot,-31.3333,27.85,12.28,99,100,1.13,ZA,1675998241
20,katsuura,35.1333,140.3,5.01,84,100,5.62,JP,1675998242
21,arraial do cabo,-22.9661,-42.0278,23.6,90,55,3.81,BR,1675997980
22,lebu,-37.6167,-73.65,14.96,95,3,2.41,CL,1675998244
23,dovers,12.8833,-61.1833,24.89,79,64,9.81,VC,1675998245
24,albany,42.6001,-73.9662,10.03,87,100,0.45,US,1675998161
25,jacmel,18.2342,-72.5347,26.91,70,0,0.88,HT,1675997957
26,khvoynaya,58.9,34.5333,-5.09,88,100,5.03,RU,1675998248
27,touros,-5.1989,-35.4608,26.58,80,31,5.64,BR,1675998249
28,tuktoyaktuk,69.4541,-133.0374,-24.0,77,100,4.63,CA,1675998210
29,bandarbeyla,9.4942,50.8122,23.7,75,13,5.92,SO,1675998251
30,khatanga,71.9667,102.5,-44.71,99,42,1.91,RU,1675998252
31,champerico,14.3,-91.9167,25.61,75,0,1.21,GT,1675998253
32,severo-kurilsk,50.6789,156.125,-6.33,63,87,11.54,RU,1675998254
33,gernsbach,48.7667,8.3333,-0.79,93,3,2.06,DE,1675998255
34,marawi,7.9986,124.2928,26.49,61,29,2.04,PH,1675998256
35,saint-philippe,-21.3585,55.7679,24.77,80,99,4.88,RE,1675998257
36,clyde river,70.4692,-68.5914,-35.87,68,0,3.6,CA,1675998257
37,baft,29.234,56.6057,1.56,39,76,1.6,IR,1675998259
38,sorland,67.667,12.6934,0.92,61,100,14.9,NO,1675998260
39,rio claro,-22.4114,-47.5614,20.36,89,0,0.91,BR,1675998135
40,te anau,-45.4167,167.7167,18.91,38,37,0.99,NZ,1675998261
41,punta arenas,-53.15,-70.9167,9.06,76,20,6.17,CL,1675998028
42,hofn,64.2539,-15.2082,-1.17,70,100,5.75,IS,1675998263
43,san quintin,30.4833,-115.95,16.45,38,0,0.79,MX,1675998264
44,ushuaia,-54.8,-68.3,8.81,81,100,4.12,AR,1675998107
45,bengkulu,-3.8004,102.2655,27.92,68,99,2.55,ID,1675998266
46,port alfred,-33.5906,26.891,19.54,97,98,2.93,ZA,1675998267
47,port hardy,50.6996,-127.4199,6.1,93,100,8.23,CA,1675998268
48,prykolotne,50.1604,37.3474,-7.79,99,84,1.75,UA,1675998269
49,rio negro,-26.1058,-49.7975,17.87,99,95,1.77,BR,1675998270
50,hithadhoo,-0.6,73.0833,27.33,73,100,4.3,MV,1675998271
51,avarua,-21.2078,-159.775,27.03,74,75,2.06,CK,1675998272
52,muli,2.9167,73.5667,27.09,70,82,6.34,MV,1675998273
53,hermanus,-34.4187,19.2345,22.11,77,77,6.87,ZA,1675998274
54,hasaki,35.7333,140.8333,3.45,80,100,7.88,JP,1675998275
55,miracema do tocantins,-9.5618,-48.3967,23.21,89,21,0.78,BR,1675998276
56,kokopo,-4.352,152.2633,28.84,69,100,3.1,PG,1675998278
57,sitka,57.0531,-135.33,2.56,89,100,3.37,US,1675998050
58,broome,42.2506,-75.833,12.23,78,100,4.12,US,1675998280
59,bredasdorp,-34.5322,20.0403,20.59,88,64,5.26,ZA,1675998281
60,kodiak,57.79,-152.4072,-5.27,42,0,2.06,US,1675998282
61,petropavlovsk-kamchatskiy,53.0452,158.6483,-12.67,61,75,2.0,RU,1675998283
62,upernavik,72.7868,-56.1549,-30.93,95,99,3.31,GL,1675998283
63,uvalde,29.3669,-99.767,14.55,48,0,3.09,US,1675998284
64,tres lagoas,-20.7511,-51.6783,22.87,90,8,1.54,BR,1675998285
65,leningradskiy,69.3833,178.4167,-34.42,98,79,3.04,RU,1675998285
66,busselton,-33.65,115.3333,25.4,47,0,5.81,AU,1675998286
67,new norfolk,-42.7826,147.0587,22.16,65,52,0.89,AU,1675998286
68,atar,20.5169,-13.0499,18.25,57,100,5.38,MR,1675998152
69,pevek,69.7008,170.3133,-31.97,99,100,2.07,RU,1675998287
70,darnah,32.767,22.6367,12.26,73,100,9.51,LY,1675998288
71,thompson,55.7435,-97.8558,-21.91,84,20,1.03,CA,1675998289
72,tucuman,-26.8241,-65.2226,23.0,88,40,3.6,AR,1675998048
73,belem de sao francisco,-8.7539,-38.9658,25.46,67,99,8.33,BR,1675998290
74,tiksi,71.6872,128.8694,-39.76,99,82,1.93,RU,1675998291
75,morro bay,35.3658,-120.8499,16.53,70,0,0.45,US,1675998241
76,provideniya,64.3833,-173.3,-19.94,59,100,6.0,RU,1675998292
77,faanui,-16.4833,-151.75,27.76,70,9,4.88,PF,1675998292
78,carnarvon,-24.8667,113.6333,27.74,65,92,8.71,AU,1675998293
79,cape town,-33.9258,18.4232,21.32,76,0,5.66,ZA,1675998000
80,tuatapere,-46.1333,167.6833,16.34,57,54,4.38,NZ,1675998295
81,korla,41.7597,86.1469,-0.48,53,100,0.35,CN,1675998295
82,bratsk,56.1325,101.6142,-20.37,96,76,1.77,RU,1675998296
83,puerto ayora,-0.7393,-90.3518,25.86,91,82,2.64,EC,1675998297
84,namyslow,51.0759,17.7228,-4.82,64,62,3.69,PL,1675998297
85,iqaluit,63.7506,-68.5145,-32.95,67,20,5.14,CA,1675998029
86,fortuna,40.5982,-124.1573,10.51,64,0,0.0,US,1675998298
87,chiang klang,19.2938,100.8617,29.43,37,72,1.37,TH,1675998299
88,constitucion,-35.3333,-72.4167,15.95,75,0,6.12,CL,1675998057
89,kavaratti,10.5669,72.642,26.64,75,100,3.82,IN,1675998300
90,alenquer,-1.9417,-54.7383,23.3,96,89,1.48,BR,1675998183
91,chicama,-7.8447,-79.1469,21.3,76,45,1.79,PE,1675998302
92,tasiilaq,65.6145,-37.6368,-5.91,63,100,6.98,GL,1675998304
93,sao felix do xingu,-6.6447,-51.995,21.84,98,100,0.31,BR,1675998305
94,husavik,66.0449,-17.3389,-6.11,70,100,5.89,IS,1675998306
95,waingapu,-9.6567,120.2641,29.29,69,100,5.41,ID,1675998307
96,kamenka,51.3223,42.7678,-10.34,97,100,2.35,RU,1675998308
97,emba,48.8264,58.1442,-18.03,98,54,2.17,KZ,1675998310
98,mahibadhoo,3.7833,72.9667,26.89,69,100,4.83,MV,1675998311
99,codrington,-38.2667,141.9667,26.17,43,83,6.98,AU,1675998312
100,turan,16.0678,108.2208,27.99,65,20,2.57,VN,1675998015
101,san cristobal,7.7669,-72.225,20.1,95,83,0.71,VE,1675998314
102,georgetown,5.4112,100.3354,29.97,78,20,1.54,MY,1675998172
103,meulaboh,4.1363,96.1285,26.81,84,79,4.68,ID,1675998316
104,mwene-ditu,-7.0,23.45,17.5,95,48,1.06,CD,1675998317
105,narsaq,60.9167,-46.05,-5.88,97,100,1.3,GL,1675998318
106,laguna,38.421,-121.4238,14.42,76,0,2.06,US,1675998319
107,itanhaem,-24.1831,-46.7889,23.57,89,60,2.29,BR,1675998321
108,paamiut,61.994,-49.6678,-7.1,91,100,9.89,GL,1675998199
109,pimenta bueno,-11.6725,-61.1936,22.43,98,100,1.38,BR,1675998323
110,shenjiamen,29.9576,122.298,8.11,91,98,7.58,CN,1675998324
111,tateyama,34.9833,139.8667,4.96,87,75,3.6,JP,1675998326
112,henties bay,-22.116,14.2845,18.93,84,92,2.11,NA,1675998327
113,shimoda,34.6667,138.95,6.2,92,100,5.53,JP,1675998327
114,longkou,37.6508,120.3286,1.47,87,99,3.65,CN,1675998329
115,castro,-24.7911,-50.0119,18.97,80,93,1.36,BR,1675998330
116,kiama,-34.6833,150.8667,29.65,68,4,3.58,AU,1675998331
117,jamestown,42.097,-79.2353,8.34,92,100,6.69,US,1675998049
118,qaanaaq,77.484,-69.3632,-22.86,60,0,4.2,GL,1675998333
119,uvira,-3.4067,29.1458,21.62,76,50,1.73,CD,1675998333
120,yulara,-25.2406,130.9889,37.44,13,0,4.3,AU,1675998334
121,novoagansk,61.9449,76.6625,-23.54,100,88,2.91,RU,1675998335
122,ribeira grande,38.5167,-28.7,14.32,67,82,4.92,PT,1675998336
123,gat,31.61,34.7642,9.67,70,79,0.62,IL,1675998337
124,lagoa,39.05,-27.9833,13.74,58,77,5.31,PT,1675998338
125,saskylakh,71.9167,114.0833,-43.29,98,51,3.11,RU,1675998339
126,nanortalik,60.1432,-45.2371,-1.39,96,100,3.49,GL,1675998341
127,mayo,38.8876,-76.5119,19.09,72,40,6.69,US,1675998342
128,guerrero negro,27.9769,-114.0611,18.31,39,0,2.32,MX,1675998342
129,tabou,4.423,-7.3528,25.98,85,6,2.14,CI,1675998343
130,dvinskoy,62.1535,45.1175,-3.56,86,89,4.63,RU,1675998344
131,morant bay,17.8815,-76.4093,25.79,82,5,4.76,JM,1675998345
132,zlobin,45.2924,14.6541,-3.39,44,0,3.09,HR,1675998345
133,cidreira,-30.1811,-50.2056,22.84,84,70,4.02,BR,1675998346
134,mahon,39.8885,4.2658,7.31,70,40,6.17,ES,1675998347
135,port lincoln,-34.7333,135.8667,22.55,61,5,8.25,AU,1675998055
136,antigonish,45.6169,-61.9986,-6.36,70,100,0.9,CA,1675998348
137,la union,-5.4,-80.75,25.74,67,93,3.63,PE,1675998348
138,yar-sale,66.8333,70.8333,-8.65,92,100,8.1,RU,1675998349
139,vao,-22.6667,167.4833,25.96,82,100,5.7,NC,1675998350
140,ponta do sol,32.6667,-17.1,16.11,76,99,3.73,PT,1675998350
141,ambilobe,-13.2,49.05,22.06,94,100,1.19,MG,1675998351
142,kununurra,-15.7667,128.7333,33.99,52,100,0.51,AU,1675998351
143,belmonte,-15.8631,-38.8828,24.84,85,22,2.13,BR,1675998352
144,mahebourg,-20.4081,57.7,26.25,78,20,2.57,MU,1675998353
145,sinegorye,62.0788,150.477,-32.4,97,92,1.04,RU,1675998353
146,tutoia,-2.7619,-42.2744,25.68,88,7,3.58,BR,1675998354
147,nome,64.5011,-165.4064,-17.96,71,100,3.09,US,1675998355
148,tocopilla,-22.092,-70.1979,22.01,81,43,0.97,CL,1675998355
149,chokurdakh,70.6333,147.9167,-31.52,97,100,2.78,RU,1675998356
150,beringovskiy,63.05,179.3167,-30.82,96,65,4.3,RU,1675998357
151,vestmannaeyjar,63.4427,-20.2734,3.34,89,100,15.83,IS,1675998199
152,bakchar,57.0186,82.0711,-20.26,98,99,1.63,RU,1675998358
153,alofi,-19.0595,-169.9187,29.94,70,75,4.12,NU,1675998359
154,shieli,44.1667,66.75,-8.13,51,93,2.45,KZ,1675998359
155,hambantota,6.1241,81.1185,25.19,100,20,1.03,LK,1675998360
156,airai,-8.9266,125.4092,19.21,82,100,2.12,TL,1675998361
157,torbay,47.6666,-52.7314,-9.57,80,100,8.75,CA,1675998363
158,coquimbo,-29.9533,-71.3436,17.85,88,75,3.6,CL,1675998136
159,abu kamal,34.4506,40.9171,5.49,48,100,2.53,SY,1675998366
160,east london,-33.0153,27.9116,21.42,84,100,2.1,ZA,1675998282
161,ancud,-41.8697,-73.8203,14.95,99,100,3.42,CL,1675998250
162,esperance,-33.8667,121.9,23.42,53,0,2.13,AU,1675998367
163,bideford,51.0179,-4.2046,2.83,82,90,1.8,GB,1675998368
164,luanda,-8.8368,13.2343,25.0,83,75,2.06,AO,1675998253
165,marapanim,-0.7175,-47.6997,23.53,95,17,1.33,BR,1675998370
166,luwingu,-10.2621,29.9271,15.83,96,50,1.79,ZM,1675998371
167,grindavik,63.8424,-22.4338,2.26,87,100,11.83,IS,1675998372
168,onzaga,6.3443,-72.8173,14.52,93,100,0.94,CO,1675998373
169,talas,38.6908,35.5538,-13.63,85,20,3.09,TR,1675998374
170,babra,21.85,71.3,21.09,35,17,2.77,IN,1675998375
171,port hawkesbury,45.6169,-61.3485,-5.23,62,0,2.06,CA,1675998377
172,egvekinot,66.3167,-179.1667,-30.23,88,89,3.11,RU,1675998379
173,hammerfest,70.6634,23.6821,-1.75,86,40,6.69,NO,1675998380
174,luderitz,-26.6481,15.1594,17.09,91,7,4.04,NA,1675998382
175,barsuki,54.2655,37.4875,-5.35,93,98,3.89,RU,1675998383
176,cherskiy,68.75,161.3,-39.9,98,97,2.23,RU,1675998385
177,palmer,42.1584,-72.3287,11.59,93,100,0.0,US,1675998182
178,lamu,-2.2717,40.902,25.12,89,27,4.74,KE,1675998387
179,chuy,-33.6971,-53.4616,20.64,90,0,1.82,UY,1675998102
180,kakogawa,34.7667,134.85,8.5,82,100,4.86,JP,1675998388
181,caucaia,-3.7361,-38.6531,27.8,78,40,4.12,BR,1675998390
182,xichang,27.8964,102.2634,13.27,44,33,1.51,CN,1675998391
183,barra do garcas,-15.89,-52.2567,24.0,86,100,0.38,BR,1675998392
184,naze,28.3667,129.4833,17.51,82,100,7.76,JP,1675998393
185,inhambane,-23.865,35.3833,25.24,91,60,3.74,MZ,1675998395
186,poindimie,-20.9333,165.3333,28.02,77,100,5.18,NC,1675998396
187,victoria,22.2855,114.1577,22.2,88,91,1.34,HK,1675998265
188,houston,29.7633,-95.3633,16.16,66,100,3.6,US,1675998018
189,bethel,41.3712,-73.414,10.43,84,100,0.0,US,1675998185
190,tura,25.5198,90.2201,20.79,43,0,1.16,IN,1675998399
191,nantucket,41.2835,-70.0995,11.08,88,100,8.75,US,1675998167
192,dordrecht,51.81,4.6736,2.79,94,90,0.89,NL,1675998400
193,hamilton,39.1834,-84.5333,7.69,71,100,9.77,US,1675997558
194,kemijarvi,66.7131,27.4306,-1.43,87,100,5.01,FI,1675998402
195,jalu,29.0331,21.5482,11.58,62,26,3.61,LY,1675998403
196,nelson bay,-32.7167,152.15,28.03,72,0,4.47,AU,1675998403
197,madimba,-10.4,40.3333,25.5,88,85,3.35,TZ,1675998404
198,ofunato,39.0717,141.7167,1.3,65,100,3.49,JP,1675998404
199,barabai,-2.5833,115.3833,30.62,64,100,0.9,ID,1675998405
200,buraydah,26.326,43.975,9.25,49,55,4.15,SA,1675998279
201,tarakan,3.3,117.6333,29.72,66,40,2.57,ID,1675998406
202,barrow,71.2906,-156.7887,-25.99,76,100,2.06,US,1675998407
203,byron bay,-28.65,153.6167,28.73,54,1,5.67,AU,1675998158
204,harper,4.375,-7.7169,26.05,84,41,2.2,LR,1675998408
205,namibe,-15.1961,12.1522,20.32,81,82,2.27,AO,1675998409
206,trinidad,-14.8333,-64.9,23.55,97,100,1.51,BO,1675998410
207,purpe,64.4803,76.6897,-18.11,97,100,5.82,RU,1675998411
208,suluq,31.6682,20.2521,10.16,69,21,9.61,LY,1675998411
209,almaznyy,48.0448,40.045,-9.78,91,89,0.9,RU,1675998412
210,isangel,-19.55,169.2667,25.3,94,100,5.75,VU,1675998412
211,kahului,20.8947,-156.47,25.01,69,40,6.69,US,1675998413
212,graham,47.0529,-122.2943,9.1,81,75,0.0,US,1675997997
213,ust-tsilma,65.441,52.1498,-0.03,88,100,4.79,RU,1675998414
214,salisbury,51.0693,-1.7957,0.25,97,31,2.06,GB,1675998176
215,mehamn,71.0357,27.8492,-0.03,86,100,11.32,NO,1675998349
216,port keats,-14.25,129.55,28.19,82,100,2.7,AU,1675998416
217,lang son,21.8333,106.7333,20.58,90,100,1.51,VN,1675998416
218,solnechnyy,50.7214,136.6319,-17.69,86,41,1.55,RU,1675998401
219,san patricio,28.017,-97.5169,16.92,52,100,3.1,US,1675998417
220,muros,42.7762,-9.0603,6.76,85,0,3.51,ES,1675998418
221,prince rupert,54.3161,-130.3201,5.83,92,100,12.86,CA,1675998350
222,tamale,9.4008,-0.8393,26.73,17,1,1.96,GH,1675998419
223,sioux lookout,50.1001,-91.917,-14.83,92,100,3.95,CA,1675998419
224,antalaha,-14.9003,50.2788,22.76,90,82,2.24,MG,1675998420
225,boende,-0.2167,20.8667,25.61,46,97,0.08,CD,1675998421
226,axim,4.8699,-2.2405,25.39,91,54,2.06,GH,1675998422
227,masuguru,-11.3667,38.4167,22.19,99,100,1.3,TZ,1675998423
228,dingle,10.9995,122.6711,28.0,73,100,6.12,PH,1675998424
229,antofagasta,-23.65,-70.4,21.6,84,89,0.98,CL,1675998364
230,abalak,58.1286,68.5944,-17.23,100,98,1.43,RU,1675998426
231,kvarkeno,52.0833,59.725,-6.6,80,100,4.42,RU,1675998427
232,akdepe,42.0551,59.3788,-6.04,55,49,2.79,TM,1675998428
233,saint anthony,45.0205,-93.218,-2.04,44,0,8.75,US,1675998430
234,vila velha,-20.3297,-40.2925,24.97,86,20,2.06,BR,1675998431
235,nikolskoye,59.7035,30.7861,-1.06,89,100,5.53,RU,1675998431
236,ilulissat,69.2167,-51.1,-15.99,78,100,4.63,GL,1675998432
237,saldanha,-33.0117,17.9442,18.71,82,0,3.75,ZA,1675998433
238,santana,-0.0583,-51.1817,26.1,100,20,3.6,BR,1675998434
239,havre-saint-pierre,50.2334,-63.5986,-19.39,94,52,2.25,CA,1675998435
240,srednekolymsk,67.45,153.6833,-38.15,96,75,1.98,RU,1675998436
241,brazzaville,-4.2658,15.2832,23.62,88,22,0.71,CG,1675998436
242,tommot,58.9564,126.2925,-24.62,97,99,0.52,RU,1675998437
243,bairiki,1.3292,172.9752,31.0,70,20,6.69,KI,1675998438
244,richards bay,-28.783,32.0377,22.22,96,100,4.03,ZA,1675998439
245,preili,56.2944,26.7246,-3.24,83,61,6.99,LV,1675998440
246,port elizabeth,-33.918,25.5701,16.72,83,14,1.24,ZA,1675998441
247,kattivakkam,13.2167,80.3167,25.05,72,53,1.15,IN,1675998441
248,manggar,-2.8833,108.2667,29.56,68,97,3.41,ID,1675998442
249,port augusta,-32.5,137.7667,34.66,18,0,5.41,AU,1675998443
250,akyab,20.15,92.9,22.38,53,21,2.58,MM,1675998444
251,pisco,-13.7,-76.2167,22.03,94,40,2.57,PE,1675998445
252,pochinki,54.6988,44.8668,-15.87,98,63,2.55,RU,1675998446
253,mar del plata,-38.0023,-57.5575,21.72,88,0,0.45,AR,1675998423
254,agadez,19.75,10.25,16.88,21,8,3.83,NE,1675998448
255,huilong,31.8111,121.655,7.74,87,100,5.57,CN,1675998449
256,lompoc,34.6391,-120.4579,14.88,75,0,0.0,US,1675998450
257,xiangfan,32.0422,112.1448,7.17,65,97,1.93,CN,1675998451
258,washougal,45.5826,-122.3534,11.38,59,0,7.72,US,1675998452
259,lakatoro,-16.0999,167.4164,29.95,66,95,6.43,VU,1675998453
260,fort nelson,58.8053,-122.7002,-10.59,93,100,0.89,CA,1675998453
261,soyo,-6.1349,12.3689,25.75,83,34,3.45,AO,1675998454
262,yenagoa,4.9247,6.2642,25.51,90,15,1.09,NG,1675998455
263,ishigaki,24.3448,124.1572,22.51,81,89,4.36,JP,1675998457
264,todos santos,23.45,-110.2167,18.58,66,14,1.09,MX,1675998457
265,voh,-20.9667,164.7,29.26,71,100,3.44,NC,1675998459
266,aksu,41.1231,80.2644,-2.05,62,94,0.78,CN,1675998399
267,paita,-5.0892,-81.1144,23.99,83,90,2.58,PE,1675998460
268,lermontovka,47.1453,134.3383,-9.78,65,100,2.27,RU,1675998460
269,la peca,-5.6111,-78.435,20.32,86,80,1.6,PE,1675998461
270,bambous virieux,-20.3428,57.7575,26.23,76,83,5.26,MU,1675998461
271,plettenberg bay,-34.0527,23.3716,19.11,91,1,2.2,ZA,1675998462
272,rio gallegos,-51.6226,-69.2181,12.03,54,20,8.23,AR,1675998205
273,paulo ramos,-4.2167,-45.1833,22.85,96,67,1.57,BR,1675998463
274,tomatlan,19.9333,-105.25,19.12,70,17,1.19,MX,1675998464
275,mendoza,-32.8908,-68.8272,29.74,39,0,4.12,AR,1675998347
276,longyearbyen,78.2186,15.6401,-8.09,79,75,2.06,SJ,1675998465
277,tual,-5.6667,132.75,28.03,78,100,10.63,ID,1675998465
278,fez,34.0372,-4.9998,10.14,71,97,4.63,MA,1675998466
279,inta,66.0317,60.1659,-2.59,87,100,9.99,RU,1675998467
280,immokalee,26.4187,-81.4173,22.97,93,0,0.0,US,1675998467
281,kupang,-10.1667,123.5833,29.32,84,75,6.17,ID,1675998468
282,zhigansk,66.7697,123.3711,-38.86,96,99,3.52,RU,1675998469
283,ankara,39.9199,32.8543,-2.49,83,75,1.54,TR,1675998470
284,saint stephen,50.3333,-4.9,5.15,81,100,1.03,GB,1675998470
285,sur,22.5667,59.5289,20.69,70,5,3.64,OM,1675998471
286,zaida,34.0603,72.4678,8.71,92,52,0.69,PK,1675998472
287,ocos,14.5094,-92.1933,24.1,75,0,0.36,GT,1675998472
288,zavetnoye,47.1194,43.8903,-10.09,94,82,0.63,RU,1675998473
289,nueva loja,0.0847,-76.8828,21.3,96,28,0.84,EC,1675998473
290,muncar,-8.4333,114.3333,29.16,70,84,1.19,ID,1675998474
291,teya,60.3778,92.6267,-26.68,99,99,0.74,RU,1675998475
292,belyy yar,53.6039,91.3903,-21.06,84,40,0.0,RU,1675998476
293,mount isa,-20.7333,139.5,31.87,45,6,5.14,AU,1675998477
294,zhezkazgan,47.8043,67.7144,-16.01,85,100,4.0,KZ,1675998478
295,san rafael,-34.6177,-68.3301,29.69,34,0,6.7,AR,1675998201
296,kysyl-syr,63.8986,122.7617,-38.19,96,84,2.96,RU,1675998479
297,hella,67.2,14.4333,-0.92,87,40,5.66,NO,1675998479
298,bezhetsk,57.7851,36.6965,-7.71,90,20,6.24,RU,1675998480
299,soanierana ivongo,-16.9167,49.5833,22.65,93,95,2.23,MG,1675998481
300,pangnirtung,66.1451,-65.7125,-37.74,88,28,1.43,CA,1675998482
301,simand,46.4333,21.45,-6.97,71,1,0.8,RO,1675998485
302,saint george,37.1041,-113.5841,7.33,31,0,7.2,US,1675998486
303,marzuq,14.4,46.4667,14.28,42,2,0.93,YE,1675998487
304,port-gentil,-0.7193,8.7815,27.13,78,83,3.53,GA,1675998488
305,sinjai,-5.1241,120.253,25.76,80,100,1.12,ID,1675998489
306,viransehir,37.2353,39.7631,0.22,58,5,4.17,TR,1675998489
307,skibbereen,51.55,-9.2667,7.84,99,100,4.73,IE,1675998490
308,beloha,-25.1667,45.05,23.16,81,18,2.47,MG,1675998491
309,haines junction,60.7522,-137.5108,-11.33,97,100,0.31,CA,1675998492
310,pacific grove,36.6177,-121.9166,14.02,84,0,2.06,US,1675998493
311,ahuimanu,21.4447,-157.8378,25.84,69,75,11.83,US,1675998494
312,burnie,-41.0667,145.9167,19.95,68,100,2.07,AU,1675998495
313,aklavik,68.2191,-135.0107,-30.76,99,99,2.64,CA,1675998496
314,northam,51.0333,-4.2167,2.44,81,90,1.94,GB,1675998497
315,luau,-10.7073,22.2247,16.54,97,99,1.28,AO,1675998498
316,middletown,39.5151,-84.3983,7.64,76,100,10.8,US,1675997919
317,souillac,-20.5167,57.5167,25.27,79,70,4.83,MU,1675998499
318,thinadhoo,0.5333,72.9333,27.12,76,100,4.54,MV,1675998500
319,sawakin,19.1059,37.3321,21.68,75,100,4.31,SD,1675998501
320,sabha,27.0377,14.4283,8.07,73,68,3.0,LY,1675998281
321,olafsvik,64.8945,-23.7142,-0.36,90,100,9.44,IS,1675998502
322,collie,-33.3667,116.15,29.27,30,0,4.01,AU,1675998503
323,libreville,0.3925,9.4537,26.01,83,19,1.9,GA,1675998504
324,tra vinh,9.9347,106.3453,30.02,54,62,6.09,VN,1675998330
325,xuddur,4.1213,43.8894,19.85,83,3,6.39,SO,1675998505
326,vardo,70.3705,31.1107,-2.01,80,88,9.26,NO,1675998506
327,port blair,11.6667,92.75,27.02,65,20,2.57,IN,1675997956
328,enshi,30.3,109.4833,8.44,94,100,0.18,CN,1675998508
329,anshun,26.25,105.9333,8.89,91,100,1.84,CN,1675998509
330,malmo,55.6059,13.0007,4.37,89,100,9.67,SE,1675998509
331,eisenstadt,47.8457,16.5233,-1.47,61,13,1.21,AT,1675998510
332,jiaojiang,28.6803,121.4428,12.22,81,83,4.77,CN,1675998511
333,shache,38.4167,77.2406,1.32,44,100,1.15,CN,1675998512
334,bilibino,68.0546,166.4372,-38.45,100,85,0.86,RU,1675998513
335,show low,34.2542,-110.0298,-1.62,40,0,4.63,US,1675998514
336,gigmoto,13.7796,124.39,27.04,79,100,5.98,PH,1675998515
337,xining,36.6167,101.7667,-0.41,19,25,1.13,CN,1675998515
338,koulikoro,14.0,-7.75,22.95,15,0,2.96,ML,1675998516
339,pangody,65.85,74.4859,-12.65,90,100,7.47,RU,1675998517
340,geraldton,-28.7667,114.6,27.23,61,40,10.29,AU,1675998222
341,maniitsoq,65.4167,-52.9,-17.07,99,91,7.94,GL,1675998518
342,kingori,-3.2833,36.9833,17.96,69,32,2.1,TZ,1675998519
343,muriwai beach,-36.8167,174.45,23.01,59,98,0.65,NZ,1675998520
344,vila franca do campo,37.7167,-25.4333,13.23,76,59,4.04,PT,1675998520
345,soe,-9.8607,124.284,24.84,71,100,4.1,ID,1675998521
346,khuzhir,53.1939,107.3397,-12.51,89,80,2.06,RU,1675998522
347,moroni,-11.7022,43.2551,26.35,81,39,1.77,KM,1675998523
348,abu samrah,35.3029,37.1841,3.1,63,100,2.79,SY,1675998523
349,katghora,22.5,82.55,21.18,21,23,1.78,IN,1675998400
350,qaqortoq,60.7167,-46.0333,-2.25,97,100,1.45,GL,1675998524
351,tabuk,17.4189,121.4443,26.39,66,100,2.77,PH,1675998525
352,carlsbad,33.1581,-117.3506,21.94,33,0,4.12,US,1675998526
353,tautira,-17.7333,-149.15,27.34,74,36,4.86,PF,1675998527
354,santa cruz,-17.8,-63.1667,24.7,94,40,2.57,BO,1675998527
355,talnakh,69.4865,88.3972,-21.37,97,100,5.52,RU,1675998528
356,chachapoyas,-6.2317,-77.869,13.05,96,99,0.87,PE,1675998529
357,usinsk,65.9939,57.5281,-1.2,94,100,9.32,RU,1675998530
358,evansville,37.9748,-87.5558,7.33,77,40,3.09,US,1675998445
359,pauini,-7.7136,-66.9764,22.52,96,100,0.76,BR,1675998531
360,watsa,3.0372,29.5355,17.68,44,32,0.84,CD,1675998531
361,khammam,17.25,80.15,23.5,69,82,1.71,IN,1675998532
362,peniche,39.3558,-9.3811,11.63,72,0,8.64,PT,1675998533
363,iberia,29.9502,-91.7507,14.98,54,0,2.57,US,1675998533
364,traralgon,-38.1833,146.5333,31.37,22,86,3.35,AU,1675998534
365,atambua,-9.1061,124.8925,25.87,80,100,3.52,ID,1675998535
366,semirom,31.4167,51.5667,-13.11,90,25,1.69,IR,1675998535
367,half moon bay,37.4636,-122.4286,15.01,68,20,5.66,US,1675998526
368,kirkwall,58.9848,-2.9587,6.03,93,100,6.17,GB,1675998536
369,lima,-12.0432,-77.0282,24.94,77,40,8.75,PE,1675997855
370,sola,-13.8833,167.55,28.05,73,47,5.8,VU,1675998537
371,kruisfontein,-34.0033,24.7314,15.49,93,0,0.77,ZA,1675998538
372,arlit,18.7369,7.3853,21.03,15,0,2.84,NE,1675998538
373,bahia blanca,-38.7196,-62.2724,29.05,35,3,0.89,AR,1675998539
374,hornepayne,49.2138,-84.7705,-8.08,94,100,4.16,CA,1675998540
375,nichinan,31.6,131.3667,13.82,88,93,3.14,JP,1675998345
376,ixtapa,20.7,-105.2,21.57,83,0,2.06,MX,1675998541
377,sorong,-0.8833,131.25,27.97,72,85,2.69,ID,1675998541
378,muroto,33.2833,134.15,12.01,91,100,7.52,JP,1675998542
379,taiyuan,37.8694,112.5603,-1.08,80,10,2.0,CN,1675998543
380,deulgaon raja,20.0167,76.0333,22.83,21,11,1.46,IN,1675998431
381,porto santo,33.072,-16.3415,15.21,82,40,5.14,PT,1675998077
382,preobrazheniye,42.9019,133.9064,-4.41,84,100,0.98,RU,1675998547
383,hami,42.8,93.45,2.95,33,69,2.45,CN,1675998548
384,canutama,-6.5339,-64.3831,23.24,96,77,0.4,BR,1675998549
385,lavrentiya,65.5833,-171.0,-27.93,92,81,2.0,RU,1675998549
386,flinders,-34.5833,150.8552,29.54,69,5,1.79,AU,1675998550
387,bulgan,48.8125,103.5347,-11.12,78,83,1.35,MN,1675998551
388,tornio,65.8481,24.1466,0.01,99,83,1.89,FI,1675998552
389,cascais,38.6979,-9.4215,11.63,67,3,7.15,PT,1675998553
390,jaitaran,26.2031,73.9364,18.23,39,1,4.21,IN,1675998184
391,avera,33.194,-82.5271,18.73,89,100,2.62,US,1675998554
392,ipil,7.75,122.5167,28.39,70,100,1.38,PH,1675998555
393,marsh harbour,26.5412,-77.0636,23.15,66,0,6.77,BS,1675998556
394,acari,-15.4311,-74.6158,24.95,81,61,1.63,PE,1675998557
395,raymond,43.9015,-70.4703,4.04,95,100,2.2,US,1675998558
396,kavieng,-2.5744,150.7967,27.57,82,100,5.94,PG,1675998559
397,holme,56.1138,10.1725,4.76,87,96,5.26,DK,1675998560
398,roald,62.5833,6.1333,1.85,55,20,3.6,NO,1675998560
399,san carlos de bariloche,-41.1456,-71.3082,14.58,94,100,3.6,AR,1675998286
400,kudahuvadhoo,2.6708,72.8944,27.1,70,100,6.21,MV,1675998562
401,gualdo tadino,43.2317,12.781,0.63,68,66,2.24,IT,1675998563
402,qui nhon,13.7667,109.2333,25.72,74,28,0.55,VN,1675998564
403,acapulco,16.8634,-99.8901,26.9,69,0,3.09,MX,1675998564
404,khorixas,-20.3667,14.9667,18.24,71,4,1.16,NA,1675998566
405,cabra,37.4725,-4.4421,5.5,83,10,1.96,ES,1675998369
406,miraflores,19.2167,-98.8083,18.35,70,17,1.47,MX,1675998567
407,oranjemund,-28.55,16.4333,16.71,97,9,1.88,NA,1675998568
408,benemerito de las americas,16.5167,-90.6439,21.37,89,5,1.11,MX,1675998569
409,chimore,-16.9833,-65.1333,22.32,98,69,0.84,BO,1675998571
410,omsukchan,62.5333,155.8,-32.9,95,78,2.64,RU,1675998571
411,grand gaube,-20.0064,57.6608,26.32,75,61,2.68,MU,1675998572
412,inverness,57.4791,-4.224,7.66,82,75,8.23,GB,1675998573
413,kieta,-6.2167,155.6333,29.73,67,95,2.48,PG,1675998574
414,igarka,67.4667,86.5833,-20.16,96,100,6.94,RU,1675998575
415,padang,-0.9492,100.3543,27.03,75,100,1.52,ID,1675998104
416,berlevag,70.8578,29.0864,0.0,69,20,10.8,NO,1675998576
417,pacasmayo,-7.4006,-79.5714,23.16,78,86,4.24,PE,1675998577
418,ust-koksa,50.2696,85.6108,-6.35,95,100,0.77,RU,1675998578
419,yonago,35.4333,133.3333,4.99,96,100,1.58,JP,1675998578
420,amazar,53.858,120.875,-16.07,87,100,1.31,RU,1675998579
421,honningsvag,70.9821,25.9704,0.86,64,20,8.75,NO,1675998579
422,eyl,7.9803,49.8164,21.88,85,6,4.97,SO,1675998580
423,santa marta,11.2408,-74.199,29.03,54,19,6.17,CO,1675998522
424,meiganga,6.5167,14.3,18.53,23,70,2.45,CM,1675998581
425,mnogovershinnyy,53.9353,139.9242,-21.88,78,11,2.22,RU,1675998582
426,villazon,-22.0866,-65.5942,11.51,70,100,2.61,BO,1675998583
427,zarubino,42.63,131.0922,-2.1,94,100,5.23,RU,1675998583
428,elk river,45.3038,-93.5672,-1.95,82,49,6.55,US,1675998584
429,gombong,-7.6072,109.5142,30.36,61,78,0.39,ID,1675998584
430,college,64.8569,-147.8028,-18.82,79,75,3.09,US,1675998585
431,namatanai,-3.6667,152.4333,28.86,72,100,5.67,PG,1675998586
432,itarema,-2.9248,-39.9167,25.97,85,68,3.8,BR,1675998350
433,aktau,43.65,51.2,-7.68,56,100,3.57,KZ,1675998587
434,mishkino,55.3389,63.9175,-6.24,91,99,5.33,RU,1675998588
435,kenai,60.5544,-151.2583,-6.62,87,100,2.57,US,1675998589
436,riyadh,24.6877,46.7219,8.08,41,100,3.02,SA,1675998379
437,najran,17.4924,44.1277,11.95,55,9,1.63,SA,1675998590
438,strezhevoy,60.7333,77.5889,-24.68,100,62,2.48,RU,1675998590
439,bajil,15.0584,43.2851,23.49,80,6,1.39,YE,1675998591
440,amguri,26.8,94.5333,18.08,74,94,1.72,IN,1675998591
441,agirish,61.9247,63.0231,-7.81,92,84,3.26,RU,1675998592
442,ugoofaaru,5.6667,73.0,26.8,69,62,2.78,MV,1675998593
443,broken hill,-31.95,141.4333,37.22,10,0,11.85,AU,1675998593
444,carahue,-38.7,-73.1667,15.13,97,2,0.65,CL,1675998594
445,arrecife,28.963,-13.5477,16.99,59,100,5.66,ES,1675998595
446,adrar,20.5022,-10.0711,20.15,21,100,5.87,MR,1675998595
447,zhangjiakou,40.81,114.8794,-3.15,81,96,0.62,CN,1675998596
448,kaitangata,-46.2817,169.8464,14.9,56,77,3.31,NZ,1675998597
449,nago,26.5881,127.9761,20.25,87,100,5.67,JP,1675998598
450,jiuquan,39.7432,98.5174,3.31,16,19,2.22,CN,1675998598
451,komsomolskiy,40.4272,71.7189,-1.6,93,100,2.06,UZ,1675998599
452,yei,4.095,30.6779,20.93,34,20,0.74,SS,1675998600
453,foumban,5.7291,10.9001,18.12,33,47,1.39,CM,1675998601
454,cayenne,4.9333,-52.3333,25.02,88,75,1.54,GF,1675998602
455,san ramon,37.7799,-121.978,14.18,73,0,0.0,US,1675998374
456,yerbogachen,61.2767,108.0108,-22.0,95,100,1.4,RU,1675998604
457,lata,40.1629,-8.3327,5.51,72,0,2.88,PT,1675998606
458,kirakira,-10.4544,161.9205,28.05,80,100,3.35,SB,1675998607
459,tera,14.0078,0.7531,22.59,12,0,4.63,NE,1675998608
460,arman,59.7,150.1667,-16.25,70,100,4.82,RU,1675998609
461,trapani,37.8333,12.6667,6.82,89,100,13.2,IT,1675998393
462,sao filipe,14.8961,-24.4956,20.27,81,64,4.73,CV,1675998610
463,grants,35.1473,-107.8514,-5.87,45,0,0.0,US,1675998371
464,puro,12.4841,123.3827,27.0,79,98,5.87,PH,1675998612
465,tadine,-21.55,167.8833,28.34,75,99,5.74,NC,1675998613
466,mananara,-16.1667,49.7667,22.28,94,86,1.93,MG,1675998614
467,naduvattam,11.4833,76.5667,16.5,36,86,1.8,IN,1675998615
468,timra,62.487,17.3257,0.82,60,70,8.75,SE,1675998617
469,porto empedocle,37.2934,13.5264,6.7,89,100,11.8,IT,1675998618
470,hinton,53.4001,-117.5857,-4.06,91,100,2.85,CA,1675998620
471,buluang,13.3068,123.3425,28.98,66,97,1.73,PH,1675998621
472,samarai,-10.6167,150.6667,27.85,79,100,3.05,PG,1675998622
473,biak,-0.9131,122.8766,28.55,63,100,1.37,ID,1675998142
474,la sarre,48.8002,-79.1996,-1.9,96,100,4.35,CA,1675998576
475,maceio,-9.6658,-35.7353,24.69,94,20,1.54,BR,1675998344
476,mollendo,-17.0231,-72.0147,23.36,85,45,2.25,PE,1675998625
477,macenta,8.5435,-9.471,21.21,93,87,0.67,GN,1675998626
478,benguela,-12.5763,13.4055,22.84,81,64,0.23,AO,1675998627
479,saint-georges,12.0564,-61.7485,24.82,83,20,7.72,GD,1675998495
480,novyy svit,47.8059,38.0211,-6.38,89,100,0.27,UA,1675998630
481,conceicao da barra,-18.5933,-39.7322,23.75,86,47,2.16,BR,1675998631
482,oyon,-10.6681,-76.7731,9.17,90,100,0.8,PE,1675998633
483,caravelas,-17.7125,-39.2481,23.02,91,86,1.63,BR,1675998633
484,hobyo,5.3505,48.5268,23.83,76,6,7.4,SO,1675998634
485,rawson,-43.3002,-65.1023,26.23,37,13,9.27,AR,1675998047
486,saint-pierre,-21.3393,55.4781,24.82,65,0,3.09,RE,1675998635
487,bayan,46.0833,127.4,-5.5,93,100,2.54,CN,1675998636
488,pochutla,15.7432,-96.4661,25.46,61,0,1.84,MX,1675998638
489,ripoll,42.2006,2.1903,1.44,95,11,0.45,ES,1675998514
490,ostrovnoy,68.0531,39.5131,0.78,76,100,11.32,RU,1675998640
491,talcahuano,-36.7167,-73.1167,18.82,72,0,4.63,CL,1675998641
492,antsohihy,-14.8796,47.9875,22.38,95,100,1.24,MG,1675998641
493,lethem,3.3803,-59.7968,25.58,72,92,6.12,GY,1675998642
494,kalianget,-7.05,113.9333,27.74,80,88,5.48,ID,1675998643
495,dauriya,49.9333,116.8667,-17.27,93,100,1.48,RU,1675998643
496,ahipara,-35.1667,173.1667,21.12,55,100,1.62,NZ,1675998644
497,ajdabiya,30.7554,20.2263,12.05,53,100,6.64,LY,1675998645
498,bangkalan,-7.0455,112.7351,28.97,75,89,3.29,ID,1675998645
499,sisophon,13.5859,102.9737,31.69,53,29,1.77,KH,1675998646
500,mount gambier,-37.8333,140.7667,30.52,28,0,4.54,AU,1675998542
501,anloga,5.7947,0.8973,26.77,86,71,4.82,GH,1675998647
502,hays,30.0502,-98.0336,15.35,62,19,0.89,US,1675998648
503,sarkand,45.41,79.9186,-7.66,86,93,0.96,KZ,1675998648
504,sambava,-14.2667,50.1667,23.21,90,94,3.38,MG,1675998649
505,obigarm,38.7173,69.7088,-2.59,97,100,2.09,TJ,1675998650
506,taoudenni,22.6783,-3.9836,19.22,18,100,6.05,ML,1675998650
507,kampene,-3.6,26.6667,20.39,90,100,0.9,CD,1675998651
508,winslow,35.0242,-110.6974,1.1,32,0,0.0,US,1675998652
509,virginia beach,36.8529,-75.978,19.46,76,0,6.17,US,1675998050
510,rebrikha,53.0733,82.3408,-25.54,100,94,1.4,RU,1675998653
511,kungurtug,50.5994,97.5228,-14.08,93,84,0.37,RU,1675998653
512,port macquarie,-31.4333,152.9167,28.27,59,18,5.64,AU,1675998654
513,nuuk,64.1835,-51.7216,-11.62,93,100,4.91,GL,1675998655
514,calvinia,-31.4707,19.776,19.87,45,0,2.44,ZA,1675998656
515,lubao,14.9167,120.55,29.25,55,95,4.24,PH,1675998656
516,kathmandu,27.7167,85.3167,10.47,81,20,1.03,NP,1675998432
517,vanimo,-2.6741,141.3028,28.12,73,99,3.75,PG,1675998658
518,olinda,-8.0089,-34.8553,26.85,78,75,3.09,BR,1675998658
519,cleveland,41.4995,-81.6954,9.28,73,100,16.46,US,1675998403
520,evensk,61.95,159.2333,-19.56,72,90,5.39,RU,1675998659
521,mogok,22.9167,96.5,21.01,30,2,0.43,MM,1675998660
522,jackson,42.4165,-122.8345,11.53,61,0,1.54,US,1675998482
523,kodinsk,58.6881,99.1844,-21.12,100,100,0.66,RU,1675998661
524,pierre,44.3683,-100.351,-3.73,76,0,3.6,US,1675998431
525,necochea,-38.5473,-58.7368,17.24,91,0,4.55,AR,1675998664
526,aitape,-3.1374,142.3475,29.43,67,98,3.77,PG,1675998665
527,alice springs,-23.7,133.8833,35.75,16,0,8.23,AU,1675998666
528,dunedin,-45.8742,170.5036,14.49,69,92,5.24,NZ,1675998658
529,rudnogorsk,57.2639,103.7519,-16.95,94,93,0.5,RU,1675998668
530,port hedland,-20.3167,118.5667,36.03,44,20,6.17,AU,1675998669
531,los llanos de aridane,28.6585,-17.9182,12.86,82,40,4.12,ES,1675998669
532,huanren,41.2647,125.3667,0.89,47,68,1.84,CN,1675998671
533,potam,27.6,-110.3833,15.99,57,21,5.19,MX,1675998673
534,powell river,49.8496,-124.5361,7.79,92,100,6.15,CA,1675998648
535,tshela,-4.9833,12.9333,22.46,99,100,0.33,CD,1675998675
536,beihai,21.4833,109.1,20.99,90,99,5.15,CN,1675998676
537,matagami,49.7502,-77.6328,-6.92,95,100,4.31,CA,1675998677
538,rio grande,-32.035,-52.0986,23.99,82,0,4.82,BR,1675998598
539,ewa beach,21.3156,-158.0072,25.97,60,40,11.83,US,1675998678
540,wicklow,53.0,-6.4167,3.38,91,91,1.74,IE,1675998680
541,kulhudhuffushi,6.6221,73.07,26.21,72,97,1.66,MV,1675998681
542,coihaique,-45.5752,-72.0662,12.34,93,75,3.6,CL,1675998663
543,tiverton,50.9,-3.4833,2.51,88,73,1.54,GB,1675998682
544,makakilo city,21.3469,-158.0858,25.18,59,40,11.83,US,1675998683
545,bandar-e lengeh,26.5579,54.8807,16.08,43,89,7.39,IR,1675998685
546,tongliao,43.6125,122.2653,-2.16,69,8,2.65,CN,1675998687
547,zafra,38.4167,-6.4167,3.68,85,10,2.27,ES,1675998688
548,salalah,17.0151,54.0924,24.05,27,0,6.17,OM,1675998689
549,leshukonskoye,64.8989,45.7622,-1.91,92,100,5.06,RU,1675998690
550,utica,43.1009,-75.2327,9.83,86,87,6.39,US,1675998591
551,jiexiu,37.0244,111.9125,3.4,59,5,1.89,CN,1675998691
